Trial, Sensor1, Sensor2, Sensor3, Sensor4, Sensor5, Sensor6, Sensor7, Sensor8, Sensor9, SensorA, SensorB, SensorC, SensorD, SensorE, SensorF, Sensor10, Max Temp, Ambient Temp, Max Sen, Trigger Sen, Exit Time
1, 9185, 9062, 9238, 9271, 9271, 8659, 9203, 8688, 8598, 8465, 8418, 8446, 8468, 8936, 8850, 9012, 9271, 7675, 5, 1, 1.7699999809
2, 9451, 9390, 9584, 9469, 9548, 8792, 9440, 8911, 8918, 8781, 8569, 8551, 8468, 9296, 8839, 9332, 9584, 7673, 3, 8, 19.4950008392
